{
  "asserter" : {
    "display" : "Daren Estrada",
    "reference" : "Practitioner/20"
  },
  "category" : {
    "coding" : [
      {
        "system" : "http://hl7.org/fhir/condition-category",
        "code" : "diagnosis"
      }
    ]
  },
  "clinicalStatus" : "active",
  "dateRecorded" : "2012-01-02",
  "code" : {
    "text" : "Asthma",
    "coding" : [
      {
        "display" : "Asthma",
        "system" : "http://snomed.info/sct",
        "code" : "195967001"
      }
    ]
  },
  "id" : "1",
  "notes" : "2 brief hospitalizations when a child, symptoms much improved as an adult",
  "verificationStatus" : "confirmed",
  "onsetDateTime" : "1985-09-09",
  "resourceType" : "Condition"
}