{
  "category" : {
    "text" : "Laboratory",
    "coding" : [
      {
        "system" : "http://hl7.org/fhir/observation-category",
        "code" : "laboratory"
      }
    ]
  },
  "issued" : "2017-10-18T00:00:00Z",
  "status" : "final",
  "id" : "11",
  "code" : {
    "text" : "Total cholesterol",
    "coding" : [
      {
        "system" : "http://loinc.org",
        "code" : "2093-3"
      }
    ]
  },
  "referenceRange" : [
    {
      "low" : {
        "code" : "mg/dL",
        "system" : "http://unitsofmeasure.org",
        "value" : 120,
        "unit" : "mg/dL"
      },
      "high" : {
        "code" : "mg/dL",
        "system" : "http://unitsofmeasure.org",
        "value" : 220,
        "unit" : "mg/dL"
      },
      "text" : "120 to 220 mg/dL"
    }
  ],
  "valueQuantity" : {
    "code" : "mg/dL",
    "system" : "http://unitsofmeasure.org",
    "value" : 184,
    "unit" : "mg/dL"
  },
  "resourceType" : "Observation"
}