{
  "category" : {
    "text" : "Vital Signs",
    "coding" : [
      {
        "system" : "http://hl7.org/fhir/observation-category",
        "code" : "vital-signs"
      }
    ]
  },
  "issued" : "2017-03-18T00:00:00Z",
  "status" : "final",
  "id" : "4",
  "code" : {
    "text" : "BMI-body mass index",
    "coding" : [
      {
        "system" : "http://loinc.org",
        "code" : "39156-5"
      }
    ]
  },
  "encounter" : {
    "reference" : "Encounter/355"
  },
  "valueQuantity" : {
    "code" : "kg/m^2",
    "system" : "http://unitsofmeasure.org",
    "value" : 26.199999999999999,
    "unit" : "kg/m^2"
  },
  "resourceType" : "Observation"
}